{
  "feature_mean": [
    -0.0019935719,
    -0.048725154,
    -0.001780792,
    0.49994057,
    0.36630794,
    0.49925458,
    0.009865048,
    0.50365555,
    25.22414,
    25.214258,
    0.5012483,
    0.058589943,
    0.50543606,
    25.133575,
    25.074976
  ],
  "feature_std": [
    0.29505837,
    11.932427,
    0.24458861,
    0.26754054,
    0.481795,
    0.2185286,
    8.893336,
    0.18095894,
    5.3213105,
    5.92493,
    0.21384196,
    8.546694,
    0.17584413,
    5.1041403,
    5.8574476
  ],
  "score_mean": 25.467144,
  "score_std": 12.229788
}