{
  "feature_mean": [
    -0.0016286728,
    -0.0075419517,
    -0.00091789337,
    0.50038993,
    0.3763521,
    0.49979526,
    0.047532253,
    0.50442374,
    25.534393,
    25.486847,
    0.5014241,
    0.055073977,
    0.5053407,
    25.449509,
    25.394419
  ],
  "feature_std": [
    0.295367,
    12.098149,
    0.24612917,
    0.26752934,
    0.48447,
    0.2195726,
    9.037323,
    0.18262804,
    5.351357,
    6.038956,
    0.2135911,
    8.707935,
    0.1775834,
    5.1674533,
    5.980886
  ],
  "score_mean": 25.467144,
  "score_std": 12.229788
}